{
    "name": "root",
    "gauges": {
        "MoveTOGoal.Policy.Entropy.mean": {
            "value": 3.180615186691284,
            "min": 3.180615186691284,
            "max": 3.285783529281616,
            "count": 5
        },
        "MoveTOGoal.Policy.Entropy.sum": {
            "value": 31815.693359375,
            "min": 31815.693359375,
            "max": 32877.55078125,
            "count": 5
        },
        "MoveTOGoal.Step.mean": {
            "value": 49994.0,
            "min": 9942.0,
            "max": 49994.0,
            "count": 5
        },
        "MoveTOGoal.Step.sum": {
            "value": 49994.0,
            "min": 9942.0,
            "max": 49994.0,
            "count": 5
        },
        "MoveTOGoal.Policy.ExtrinsicValueEstimate.mean": {
            "value": -0.6189642548561096,
            "min": -0.6189642548561096,
            "max": 0.5788435339927673,
            "count": 5
        },
        "MoveTOGoal.Policy.ExtrinsicValueEstimate.sum": {
            "value": -120.69802856445312,
            "min": -120.69802856445312,
            "max": 111.71680450439453,
            "count": 5
        },
        "MoveTOGoal.Policy.GailValueEstimate.mean": {
            "value": 7.557441234588623,
            "min": -0.7317855954170227,
            "max": 7.557441234588623,
            "count": 5
        },
        "MoveTOGoal.Policy.GailValueEstimate.sum": {
            "value": 1473.7010498046875,
            "min": -147.82069396972656,
            "max": 1473.7010498046875,
            "count": 5
        },
        "MoveTOGoal.Environment.EpisodeLength.mean": {
            "value": 155.296875,
            "min": 136.19444444444446,
            "max": 155.296875,
            "count": 5
        },
        "MoveTOGoal.Environment.EpisodeLength.sum": {
            "value": 9939.0,
            "min": 9806.0,
            "max": 10066.0,
            "count": 5
        },
        "MoveTOGoal.Environment.CumulativeReward.mean": {
            "value": -1.921875,
            "min": -1.921875,
            "max": 2.03125,
            "count": 5
        },
        "MoveTOGoal.Environment.CumulativeReward.sum": {
            "value": -123.0,
            "min": -123.0,
            "max": 130.0,
            "count": 5
        },
        "MoveTOGoal.Policy.ExtrinsicReward.mean": {
            "value": -1.921875,
            "min": -1.921875,
            "max": 2.03125,
            "count": 5
        },
        "MoveTOGoal.Policy.ExtrinsicReward.sum": {
            "value": -123.0,
            "min": -123.0,
            "max": 130.0,
            "count": 5
        },
        "MoveTOGoal.Policy.GailReward.mean": {
            "value": 17.70941379319993,
            "min": 9.414542453363538,
            "max": 32.7073237846295,
            "count": 5
        },
        "MoveTOGoal.Policy.GailReward.sum": {
            "value": 1133.4024827647954,
            "min": 677.8470566421747,
            "max": 2158.6833697855473,
            "count": 5
        },
        "MoveTOGoal.Losses.PolicyLoss.mean": {
            "value": 0.17219950831495226,
            "min": 0.17219950831495226,
            "max": 0.25112245306372644,
            "count": 5
        },
        "MoveTOGoal.Losses.PolicyLoss.sum": {
            "value": 0.3443990166299045,
            "min": 0.19268604644263784,
            "max": 0.3443990166299045,
            "count": 5
        },
        "MoveTOGoal.Losses.ValueLoss.mean": {
            "value": 1.6897896473606426,
            "min": 0.4146831952035427,
            "max": 3.5128764112790427,
            "count": 5
        },
        "MoveTOGoal.Losses.ValueLoss.sum": {
            "value": 3.3795792947212853,
            "min": 0.4146831952035427,
            "max": 3.5128764112790427,
            "count": 5
        },
        "MoveTOGoal.Policy.LearningRate.mean": {
            "value": 0.00027279390906869994,
            "min": 0.00027279390906869994,
            "max": 0.0002953038015653999,
            "count": 5
        },
        "MoveTOGoal.Policy.LearningRate.sum": {
            "value": 0.0005455878181373999,
            "min": 0.0002804118065294,
            "max": 0.0005455878181373999,
            "count": 5
        },
        "MoveTOGoal.Policy.Epsilon.mean": {
            "value": 0.19093130000000003,
            "min": 0.19093130000000003,
            "max": 0.19843459999999996,
            "count": 5
        },
        "MoveTOGoal.Policy.Epsilon.sum": {
            "value": 0.38186260000000005,
            "min": 0.19347060000000008,
            "max": 0.38186260000000005,
            "count": 5
        },
        "MoveTOGoal.Policy.Beta.mean": {
            "value": 0.005000000000000001,
            "min": 0.005000000000000001,
            "max": 0.005000000000000001,
            "count": 5
        },
        "MoveTOGoal.Policy.Beta.sum": {
            "value": 0.010000000000000002,
            "min": 0.005000000000000001,
            "max": 0.010000000000000002,
            "count": 5
        },
        "MoveTOGoal.Policy.GAILPolicyEstimate.mean": {
            "value": 0.5553006981809934,
            "min": 0.425924152135849,
            "max": 0.5957164516051611,
            "count": 5
        },
        "MoveTOGoal.Policy.GAILPolicyEstimate.sum": {
            "value": 1.1106013963619867,
            "min": 0.425924152135849,
            "max": 1.1106013963619867,
            "count": 5
        },
        "MoveTOGoal.Policy.GAILExpertEstimate.mean": {
            "value": 0.37363347336649894,
            "min": 0.37363347336649894,
            "max": 0.5402369161446889,
            "count": 5
        },
        "MoveTOGoal.Policy.GAILExpertEstimate.sum": {
            "value": 0.7472669467329979,
            "min": 0.378254779179891,
            "max": 0.7472669467329979,
            "count": 5
        },
        "MoveTOGoal.Losses.GAILLoss.mean": {
            "value": 2.1000170171260835,
            "min": 1.2359072685241699,
            "max": 2.546259570121765,
            "count": 5
        },
        "MoveTOGoal.Losses.GAILLoss.sum": {
            "value": 4.200034034252167,
            "min": 1.2359072685241699,
            "max": 4.200034034252167,
            "count": 5
        },
        "MoveTOGoal.Policy.GAILGradMagLoss.mean": {
            "value": 2.004802734653155,
            "min": 2.004802734653155,
            "max": 8.155642827351889,
            "count": 5
        },
        "MoveTOGoal.Policy.GAILGradMagLoss.sum": {
            "value": 4.00960546930631,
            "min": 3.660069982210795,
            "max": 8.155642827351889,
            "count": 5
        },
        "MoveTOGoal.Losses.PretrainingLoss.mean": {
            "value": 1.057184855143229,
            "min": 1.0425215164820354,
            "max": 1.088308572769165,
            "count": 5
        },
        "MoveTOGoal.Losses.PretrainingLoss.sum": {
            "value": 2.114369710286458,
            "min": 1.0425215164820354,
            "max": 2.114369710286458,
            "count": 5
        },
        "MoveTOGoal.IsTraining.mean": {
            "value": 1.0,
            "min": 1.0,
            "max": 1.0,
            "count": 5
        },
        "MoveTOGoal.IsTraining.sum": {
            "value": 1.0,
            "min": 1.0,
            "max": 1.0,
            "count": 5
        }
    },
    "metadata": {
        "timer_format_version": "0.1.0",
        "start_time_seconds": "1713734457",
        "python_version": "3.9.0 (tags/v3.9.0:9cf6752, Oct  5 2020, 15:34:40) [MSC v.1927 64 bit (AMD64)]",
        "command_line_arguments": "C:\\Unity\\Project_1\\Simulation\\Unity_AI_Drone_Simulation\\venv\\Scripts\\mlagents-learn config/config.yaml",
        "mlagents_version": "0.30.0",
        "mlagents_envs_version": "0.30.0",
        "communication_protocol_version": "1.5.0",
        "pytorch_version": "2.2.2+cpu",
        "numpy_version": "1.21.2",
        "end_time_seconds": "1713734889"
    },